num_of_process,activation,batch_size,epoch,loss
3,relu,512,0,0.07613765948611702
3,relu,512,1,0.04886325149969208
3,relu,512,2,0.04389418888922888
3,relu,512,3,0.04040827052222929
3,relu,512,4,0.038209727304528186
3,relu,512,5,0.0367330389550987
3,relu,512,6,0.03564325996330885
3,relu,512,7,0.03487155584698196
3,relu,512,8,0.03430386402681126
3,relu,512,9,0.033895564032983695
3,relu,512,10,0.03360917130091163
3,relu,512,11,0.033388468710773785
3,relu,512,12,0.03312244281690822
3,relu,1024,0,0.09889608658245952
3,relu,1024,1,0.053353804904107925
3,relu,1024,2,0.05025462658716309
3,relu,1024,3,0.047461952288306276
3,relu,1024,4,0.04495910470509521
3,relu,1024,5,0.042802978449589635
3,relu,1024,6,0.041081295355729845
3,relu,1024,7,0.039723523153757954
3,relu,1024,8,0.03864537612880869
3,relu,1024,9,0.03776571176228962
3,relu,1024,10,0.03704220242093529
3,relu,1024,11,0.03641891143661081
3,relu,2048,0,0.1413380742444941
3,relu,2048,1,0.05642110998215777
3,relu,2048,2,0.054177982988824445
3,relu,2048,3,0.05252485302178319
3,relu,2048,4,0.0509995536597396
3,relu,2048,5,0.049496837795476444
3,relu,2048,6,0.04810738266791285
3,relu,2048,7,0.04680793343342691
3,relu,2048,8,0.04556201567557112
3,relu,2048,9,0.044364315313667746
3,relu,2048,10,0.04328167473024239
3,relu,2048,11,0.042318622572573024
3,relu,2048,12,0.04145920145426262
3,relu,2048,13,0.040695286903076396
3,relu,4096,0,0.22341151316863306
3,relu,4096,1,0.05922651628811021
3,relu,4096,2,0.057092149974180606
3,relu,4096,3,0.055757683963328926
3,relu,4096,4,0.05464253496579946
3,relu,4096,5,0.05371818116329514
3,relu,4096,6,0.05291336426210173
3,relu,4096,7,0.052146984337695546
3,relu,4096,8,0.05138998112684331
3,relu,4096,9,0.0506254239041344
3,relu,4096,10,0.04987150917589544
3,relu,8192,0,0.3776484280834968
3,relu,8192,1,0.0691016191287549
3,relu,8192,2,0.060120241229343285
3,relu,8192,3,0.05833372138654095
3,relu,8192,4,0.0574526667177749
3,relu,8192,5,0.05672788384845539
3,relu,8192,6,0.05606322690509342
3,relu,8192,7,0.05544941926678113
3,relu,16384,0,0.6615373610493505
3,relu,16384,1,0.09371796472429789
3,relu,16384,2,0.07360795419496242
3,relu,16384,3,0.06458444566489688
3,relu,16384,4,0.06087239855802715
3,relu,16384,5,0.05936245818144841
3,relu,16384,6,0.05859420778107857
3,relu,16384,7,0.05807223689189315
3,relu,16384,8,0.05764599854751237
3,relu,16384,9,0.057260519508010595
3,relu,16384,10,0.056900250252944456
3,tanh,512,0,0.068562888326674
3,tanh,512,1,0.05057275946898926
3,tanh,512,2,0.04741566974314491
3,tanh,512,3,0.04381511349659406
3,tanh,512,4,0.04064465732142502
3,tanh,512,5,0.038502085242503425
3,tanh,512,6,0.03723209820713481
3,tanh,512,7,0.03657536683511339
3,tanh,512,8,0.03618756017249573
3,tanh,512,9,0.035924323871724485
3,tanh,512,10,0.03572499127447225
3,tanh,1024,0,0.08398680698729644
3,tanh,1024,1,0.053131679230752536
3,tanh,1024,2,0.05141351620628896
3,tanh,1024,3,0.04973673345686939
3,tanh,1024,4,0.048207061534955124
3,tanh,1024,5,0.04662767483174035
3,tanh,1024,6,0.04478205834142176
3,tanh,1024,7,0.042853901757038626
3,tanh,1024,8,0.041276528166181825
3,tanh,1024,9,0.04001229784918075
3,tanh,1024,10,0.03893114705152182
3,tanh,1024,11,0.03806945016213483
3,tanh,1024,12,0.03744882998197104
3,tanh,1024,13,0.037011577029653936
3,tanh,2048,0,0.11252710185870607
3,tanh,2048,1,0.05541273336550446
3,tanh,2048,2,0.05359587905303054
3,tanh,2048,3,0.05267058985932362
3,tanh,2048,4,0.051842325498849255
3,tanh,2048,5,0.05098470195897884
3,tanh,2048,6,0.050135206168045225
3,tanh,2048,7,0.04933699862864141
3,tanh,2048,8,0.04858083441550005
3,tanh,2048,9,0.04782927466419127
3,tanh,2048,10,0.047046096562896024
3,tanh,2048,11,0.04619833437604517
3,tanh,4096,0,0.16614773150588977
3,tanh,4096,1,0.058849296353069645
3,tanh,4096,2,0.05613529010416762
3,tanh,4096,3,0.054692910968722565
3,tanh,4096,4,0.05387044664266772
3,tanh,4096,5,0.05332054505439263
3,tanh,4096,6,0.052879348156063315
3,tanh,4096,7,0.05246432188276851
3,tanh,4096,8,0.05205364093055004
3,tanh,4096,9,0.051631852612816755
3,tanh,4096,10,0.05120147315315227
3,tanh,8192,0,0.269096252695824
3,tanh,8192,1,0.06318273974260481
3,tanh,8192,2,0.059767048054130446
3,tanh,8192,3,0.05793304467244769
3,tanh,8192,4,0.05661207593701795
3,tanh,8192,5,0.055654140045862076
3,tanh,8192,6,0.05495313249084984
3,tanh,8192,7,0.05443005256694968
3,tanh,8192,8,0.05403107374827084
3,tanh,16384,0,0.4631260839214036
3,tanh,16384,1,0.07500720169803159
3,tanh,16384,2,0.06463289371858351
3,tanh,16384,3,0.061735551041962766
3,tanh,16384,4,0.06030674689554904
3,tanh,16384,5,0.05922451026084272
3,tanh,16384,6,0.05831814414447243
3,tanh,16384,7,0.0575471846220793
3,tanh,16384,8,0.056892761141156906
3,tanh,16384,9,0.05633314135478634
3,tanh,16384,10,0.05585743110621214
3,sigmoid,512,0,0.1241605556489415
3,sigmoid,512,1,0.055397157733019335
3,sigmoid,512,2,0.053705153500967696
3,sigmoid,512,3,0.052777019878319585
3,sigmoid,512,4,0.05195235650486784
3,sigmoid,512,5,0.0511215536268986
3,sigmoid,512,6,0.050281182002889196
3,sigmoid,512,7,0.04944902268630328
3,sigmoid,512,8,0.048633450577592864
3,sigmoid,512,9,0.04782656476128131
3,sigmoid,512,10,0.04700749784248736
3,sigmoid,512,11,0.04614719755786329
3,sigmoid,1024,0,0.18982714786235022
3,sigmoid,1024,1,0.05847922426808872
3,sigmoid,1024,2,0.056048715780666954
3,sigmoid,1024,3,0.05474427750739063
3,sigmoid,1024,4,0.053972958798148285
3,sigmoid,1024,5,0.05343319799023729
3,sigmoid,1024,6,0.052984126432850574
3,sigmoid,1024,7,0.05256623719433288
3,sigmoid,1024,8,0.05215696471209777
3,sigmoid,1024,9,0.05174563087672055
3,sigmoid,1024,10,0.05133019488287658
3,sigmoid,2048,0,0.3170319904553223
3,sigmoid,2048,1,0.06259808168363983
3,sigmoid,2048,2,0.059302055503102045
3,sigmoid,2048,3,0.05765760749538431
3,sigmoid,2048,4,0.056477831099952414
3,sigmoid,2048,5,0.055618424534051365
3,sigmoid,2048,6,0.05498408267576845
3,sigmoid,2048,7,0.05450376840216333
3,sigmoid,2048,8,0.05412754816726919
3,sigmoid,2048,9,0.05381859335611675
3,sigmoid,4096,0,0.5586355772605714
3,sigmoid,4096,1,0.0752461850836547
3,sigmoid,4096,2,0.06407357622289221
3,sigmoid,4096,3,0.06112042219674881
3,sigmoid,4096,4,0.05978889244962291
3,sigmoid,4096,5,0.058811216855160386
3,sigmoid,4096,6,0.0580037022008133
3,sigmoid,4096,7,0.05731188583308632
3,sigmoid,4096,8,0.0567275536663281
3,sigmoid,4096,9,0.05622744718340616
3,sigmoid,4096,10,0.05580117282565188
3,sigmoid,8192,0,0.9154472677990414
3,sigmoid,8192,1,0.20186405603998825
3,sigmoid,8192,2,0.08024520998495457
3,sigmoid,8192,3,0.07025452028763207
3,sigmoid,8192,4,0.06529422632638278
3,sigmoid,8192,5,0.06285020575971892
3,sigmoid,8192,6,0.0615395848817078
3,sigmoid,8192,7,0.06069911764776418
3,sigmoid,8192,8,0.06006075921757529
3,sigmoid,8192,9,0.05951715805760954
3,sigmoid,8192,10,0.05903186429275503
3,sigmoid,16384,0,0.9908967250091947
3,sigmoid,16384,1,0.8399963255998631
3,sigmoid,16384,2,0.3028043762641972
3,sigmoid,16384,3,0.10094320710225779
3,sigmoid,16384,4,0.08369255605186583
3,sigmoid,16384,5,0.07678884072936115
3,sigmoid,16384,6,0.07196722754419448
3,sigmoid,16384,7,0.06853906314836278
3,sigmoid,16384,8,0.0661348396285961
3,sigmoid,16384,9,0.06445492539723723
3,sigmoid,16384,10,0.06327510946358117
3,sigmoid,16384,11,0.062423446760086425
3,sigmoid,16384,12,0.06178875196099012
3,sigmoid,16384,13,0.0612881626294508
3,sigmoid,16384,14,0.06087715409174119
3,sigmoid,16384,15,0.060522330326273986
3,leaky_relu,512,0,0.07610840401404369
3,leaky_relu,512,1,0.04897130478577333
3,leaky_relu,512,2,0.04404058259039576
3,leaky_relu,512,3,0.04052162348384105
3,leaky_relu,512,4,0.038297686092657886
3,leaky_relu,512,5,0.03680006990213682
3,leaky_relu,512,6,0.03569481791850651
3,leaky_relu,512,7,0.03490129730767974
3,leaky_relu,512,8,0.03431243002162234
3,leaky_relu,512,9,0.03387367390872186
3,leaky_relu,512,10,0.03355363135551375
3,leaky_relu,512,11,0.03330318391482811
3,leaky_relu,512,12,0.03300531533043347
3,leaky_relu,1024,0,0.09879051288297484
3,leaky_relu,1024,1,0.053401116246911386
3,leaky_relu,1024,2,0.050347407457411675
3,leaky_relu,1024,3,0.04758421227862065
3,leaky_relu,1024,4,0.045105490880288014
3,leaky_relu,1024,5,0.04294065337717323
3,leaky_relu,1024,6,0.041200383955879764
3,leaky_relu,1024,7,0.03982642366747191
3,leaky_relu,1024,8,0.03873669891082348
3,leaky_relu,1024,9,0.037847421877899905
3,leaky_relu,1024,10,0.03711646587347627
3,leaky_relu,1024,11,0.036486324222774806
3,leaky_relu,2048,0,0.14110253404910741
3,leaky_relu,2048,1,0.05644845893341443
3,leaky_relu,2048,2,0.054220206104898146
3,leaky_relu,2048,3,0.05258254152181908
3,leaky_relu,2048,4,0.05108508133472687
3,leaky_relu,2048,5,0.049599786648726406
3,leaky_relu,2048,6,0.04822371259445326
3,leaky_relu,2048,7,0.046937903703734345
3,leaky_relu,2048,8,0.04570790654943798
3,leaky_relu,2048,9,0.044518045370274956
3,leaky_relu,2048,10,0.04342664141105346
3,leaky_relu,2048,11,0.04245339733713457
3,leaky_relu,2048,12,0.0415842591841716
3,leaky_relu,2048,13,0.0408111721470843
3,leaky_relu,4096,0,0.2229043831437325
3,leaky_relu,4096,1,0.05926065915145068
3,leaky_relu,4096,2,0.05711028939017208
3,leaky_relu,4096,3,0.05578749676037172
3,leaky_relu,4096,4,0.05467773983057019
3,leaky_relu,4096,5,0.053757192026055355
3,leaky_relu,4096,6,0.052960539970222854
3,leaky_relu,4096,7,0.052206883376427114
3,leaky_relu,4096,8,0.05146547777963037
3,leaky_relu,4096,9,0.05071490523793413
3,leaky_relu,4096,10,0.04996960119680355
3,leaky_relu,8192,0,0.3765422785329297
3,leaky_relu,8192,1,0.0691959020938932
3,leaky_relu,8192,2,0.06017043339757427
3,leaky_relu,8192,3,0.05835298280907336
3,leaky_relu,8192,4,0.05746885283201867
3,leaky_relu,8192,5,0.05674918136713528
3,leaky_relu,8192,6,0.05609176492336793
3,leaky_relu,8192,7,0.05548316936760663
3,leaky_relu,16384,0,0.6597439814824736
3,leaky_relu,16384,1,0.09329828526090685
3,leaky_relu,16384,2,0.07367989540980635
3,leaky_relu,16384,3,0.06470088596675162
3,leaky_relu,16384,4,0.060937922393027893
3,leaky_relu,16384,5,0.059396943447789875
3,leaky_relu,16384,6,0.0586160786315248
3,leaky_relu,16384,7,0.05808950690348726
3,leaky_relu,16384,8,0.05766225255892802
3,leaky_relu,16384,9,0.05727801017279618
3,leaky_relu,16384,10,0.05692054528916977
4,relu,512,0,0.08397871086673457
4,relu,512,1,0.05102059412765646
4,relu,512,2,0.046841289273110986
4,relu,512,3,0.04334008809102022
4,relu,512,4,0.04073703144556397
4,relu,512,5,0.03890990958367485
4,relu,512,6,0.03757931505099606
4,relu,512,7,0.036577412711688184
4,relu,512,8,0.0357512694353222
4,relu,512,9,0.03512430049121961
4,relu,512,10,0.034627126755831565
4,relu,512,11,0.03423458222134025
4,relu,1024,0,0.11322413773212125
4,relu,1024,1,0.054699641277873176
4,relu,1024,2,0.05214498834353255
4,relu,1024,3,0.049871826833236634
4,relu,1024,4,0.04778239099852956
4,relu,1024,5,0.045880562476187714
4,relu,1024,6,0.044098692672952994
4,relu,1024,7,0.04256054249617596
4,relu,1024,8,0.0412687194029879
4,relu,1024,9,0.040188757541436866
4,relu,1024,10,0.039288375824036256
4,relu,1024,11,0.03852146666209179
4,relu,1024,12,0.03786227574922739
4,relu,2048,0,0.1689481275107561
4,relu,2048,1,0.05750427927540573
4,relu,2048,2,0.05546679131861932
4,relu,2048,3,0.0539378276885442
4,relu,2048,4,0.05271288257861847
4,relu,2048,5,0.05157560076795487
4,relu,2048,6,0.050430570116842266
4,relu,2048,7,0.04931739547003269
4,relu,2048,8,0.04827722708202928
4,relu,2048,9,0.04728746949969655
4,relu,2048,10,0.046339626584492186
4,relu,2048,11,0.04541467703356549
4,relu,2048,12,0.04451462946367258
4,relu,2048,13,0.04367621960311993
4,relu,2048,14,0.04291248563581835
4,relu,2048,15,0.042211371689552094
4,relu,4096,0,0.276295804524994
4,relu,4096,1,0.061606522870175186
4,relu,4096,2,0.05810471069497579
4,relu,4096,3,0.05690505615617853
4,relu,4096,4,0.05590539797635258
4,relu,4096,5,0.05502932906701212
4,relu,4096,6,0.05427172547988413
4,relu,4096,7,0.0536105579896667
4,relu,4096,8,0.05300549944451919
4,relu,4096,9,0.05242651002995524
4,relu,8192,0,0.47466876071337605
4,relu,8192,1,0.07765590102509566
4,relu,8192,2,0.06351965696830476
4,relu,8192,3,0.059673620823700195
4,relu,8192,4,0.05844970321990271
4,relu,8192,5,0.0577449164627668
4,relu,8192,6,0.05716317190512985
4,relu,8192,7,0.056640796908368166
4,relu,8192,8,0.05614084603861306
4,relu,8192,9,0.05565948589441516
4,relu,16384,0,0.8232382019861935
4,relu,16384,1,0.12618592725873315
4,relu,16384,2,0.08343290147907408
4,relu,16384,3,0.071876086240277
4,relu,16384,4,0.06522287043792618
4,relu,16384,5,0.061814984955703804
4,relu,16384,6,0.060127959735525635
4,relu,16384,7,0.05923009401107588
4,relu,16384,8,0.05866186612995911
4,relu,16384,9,0.05824292654518491
4,relu,16384,10,0.05789998231419182
4,relu,16384,11,0.05759204221207834
4,tanh,512,0,0.07384519262110852
4,tanh,512,1,0.051835907303521
4,tanh,512,2,0.04935474032289338
4,tanh,512,3,0.04702990508771648
4,tanh,512,4,0.04428389177849347
4,tanh,512,5,0.04164973667954224
4,tanh,512,6,0.03973639740214145
4,tanh,512,7,0.038278865265034476
4,tanh,512,8,0.03733802280795443
4,tanh,512,9,0.03677390819944093
4,tanh,512,10,0.03640851147898473
4,tanh,512,11,0.036150340566285175
4,tanh,512,12,0.035954979376295944
4,tanh,1024,0,0.09372968070239979
4,tanh,1024,1,0.05396259628585724
4,tanh,1024,2,0.05246649944969889
4,tanh,1024,3,0.05120204173268783
4,tanh,1024,4,0.04993467123104178
4,tanh,1024,5,0.04877082655329701
4,tanh,1024,6,0.04763940824377478
4,tanh,1024,7,0.046418570756086894
4,tanh,1024,8,0.04502806543382295
4,tanh,1024,9,0.043542889080178906
4,tanh,1024,10,0.04220148496829422
4,tanh,1024,11,0.041099748579553716
4,tanh,1024,12,0.04015816985868298
4,tanh,1024,13,0.039313013706719975
4,tanh,1024,14,0.03857788046178852
4,tanh,2048,0,0.13068739239042146
4,tanh,2048,1,0.05673468918522852
4,tanh,2048,2,0.05447250436719597
4,tanh,2048,3,0.053450324902002695
4,tanh,2048,4,0.05277170332512171
4,tanh,2048,5,0.05215632096804247
4,tanh,2048,6,0.05152621077803862
4,tanh,2048,7,0.050877061047319955
4,tanh,2048,8,0.05023831866875188
4,tanh,2048,9,0.049626347820645414
4,tanh,2048,10,0.0490495405047828
4,tanh,2048,11,0.048486039164332244
4,tanh,4096,0,0.2009472200099239
4,tanh,4096,1,0.06042318642434641
4,tanh,4096,2,0.057586891920205385
4,tanh,4096,3,0.05588042305188491
4,tanh,4096,4,0.05481525418707606
4,tanh,4096,5,0.05412596664310249
4,tanh,4096,6,0.05364032888468132
4,tanh,4096,7,0.053261625417204375
4,tanh,4096,8,0.05292993679010678
4,tanh,4096,9,0.05261598276210249
4,tanh,8192,0,0.33515310550496047
4,tanh,8192,1,0.06654848609419099
4,tanh,8192,2,0.061352683350570675
4,tanh,8192,3,0.05947722443035447
4,tanh,8192,4,0.05811144997722305
4,tanh,8192,5,0.05704657990395025
4,tanh,8192,6,0.0562048577155209
4,tanh,8192,7,0.055550338698726366
4,tanh,8192,8,0.05502611923400795
4,tanh,8192,9,0.05459780593873819
4,tanh,8192,10,0.0542618272343172
4,tanh,8192,11,0.05398306432285318
4,tanh,16384,0,0.5863151653176224
4,tanh,16384,1,0.08404730073082678
4,tanh,16384,2,0.06911377745456035
4,tanh,16384,3,0.063969401453839
4,tanh,16384,4,0.06193603888924032
4,tanh,16384,5,0.060767936472627695
4,tanh,16384,6,0.05986555268335005
4,tanh,16384,7,0.05909778694354638
4,tanh,16384,8,0.058415038630707024
4,tanh,16384,9,0.05781229012530571
4,tanh,16384,10,0.0572832025682319
4,tanh,16384,11,0.056813019590879164
4,tanh,16384,12,0.05639187579450876
4,tanh,16384,13,0.05602051985949224
4,sigmoid,512,0,0.1463021164501207
4,sigmoid,512,1,0.05658811342143611
4,sigmoid,512,2,0.054541305786184185
4,sigmoid,512,3,0.05356434197627056
4,sigmoid,512,4,0.05288117618113091
4,sigmoid,512,5,0.05226139553836555
4,sigmoid,512,6,0.051644338790960184
4,sigmoid,1024,0,0.23267937593142574
4,sigmoid,1024,1,0.0599096891971941
4,sigmoid,1024,2,0.05734904641902347
4,sigmoid,1024,3,0.0558225897894396
4,sigmoid,1024,4,0.05485909611428143
4,sigmoid,1024,5,0.05421894559736565
4,sigmoid,1024,6,0.0537521524252773
4,sigmoid,1024,7,0.05337319245331158
4,sigmoid,1024,8,0.05303767492154015
4,sigmoid,1024,9,0.052720045356811754
4,sigmoid,2048,0,0.39917504699326833
4,sigmoid,2048,1,0.06613260738196543
4,sigmoid,2048,2,0.06076633028610205
4,sigmoid,2048,3,0.05904497288006259
4,sigmoid,2048,4,0.05782063084364291
4,sigmoid,2048,5,0.05686890016818597
4,sigmoid,2048,6,0.05611839886579336
4,sigmoid,2048,7,0.05552391083714851
4,sigmoid,2048,8,0.0550498710141117
4,sigmoid,2048,9,0.054662607075044445
4,sigmoid,2048,10,0.05435081882061357
4,sigmoid,2048,11,0.05408217862029273
4,sigmoid,2048,12,0.05385097623925147
4,sigmoid,4096,0,0.7112543449169094
4,sigmoid,4096,1,0.08714189577005392
4,sigmoid,4096,2,0.06887938535690304
4,sigmoid,4096,3,0.06338313461387583
4,sigmoid,4096,4,0.06131588149150727
4,sigmoid,4096,5,0.06021292396814129
4,sigmoid,4096,6,0.05939228315048376
4,sigmoid,4096,7,0.05870024328453204
4,sigmoid,4096,8,0.05809228310176644
4,sigmoid,4096,9,0.057552150048258754
4,sigmoid,4096,10,0.05707800721638304
4,sigmoid,4096,11,0.056657165135480955
4,sigmoid,4096,12,0.056282895080563576
4,sigmoid,4096,13,0.05595066025158148
4,sigmoid,8192,0,0.9710032826348796
4,sigmoid,8192,1,0.45076176141944196
4,sigmoid,8192,2,0.09581963881363609
4,sigmoid,8192,3,0.07835810182466361
4,sigmoid,8192,4,0.0710384983811147
4,sigmoid,8192,5,0.06668195401542854
4,sigmoid,8192,6,0.06413110713562914
4,sigmoid,8192,7,0.06262218237494238
4,sigmoid,8192,8,0.06165734539486374
4,sigmoid,8192,9,0.06096403915107678
4,sigmoid,8192,10,0.060434106758677664
4,sigmoid,8192,11,0.05998090495767017
4,sigmoid,16384,0,0.994757000581435
4,sigmoid,16384,1,0.9473206910489462
4,sigmoid,16384,2,0.6662514620737053
4,sigmoid,16384,3,0.23516107357553456
4,sigmoid,16384,4,0.10445921492599963
4,sigmoid,16384,5,0.08718418403718756
4,sigmoid,16384,6,0.08068872376028008
4,sigmoid,16384,7,0.07604237585489634
4,sigmoid,16384,8,0.07243881764964506
4,sigmoid,16384,9,0.06964659590841288
4,sigmoid,16384,10,0.06750485588254412
4,sigmoid,16384,11,0.06586691603594508
4,sigmoid,16384,12,0.06461265064036863
4,sigmoid,16384,13,0.06365344249030669
4,sigmoid,16384,14,0.06291436604725359
4,sigmoid,16384,15,0.06232434979563062
4,sigmoid,16384,16,0.06185183949707461
4,leaky_relu,512,0,0.0839246582564177
4,leaky_relu,512,1,0.051100470560950566
4,leaky_relu,512,2,0.04697182314977568
4,leaky_relu,512,3,0.04348610677866059
4,leaky_relu,512,4,0.04085340278463407
4,leaky_relu,512,5,0.03900444870570202
4,leaky_relu,512,6,0.037658020523778084
4,leaky_relu,512,7,0.03663711003408509
4,leaky_relu,512,8,0.03580364666290037
4,leaky_relu,512,9,0.035167869900496404
4,leaky_relu,512,10,0.034660229597271816
4,leaky_relu,512,11,0.034250506981016046
4,leaky_relu,1024,0,0.1130724260063728
4,leaky_relu,1024,1,0.05473378509725088
4,leaky_relu,1024,2,0.052206811967821246
4,leaky_relu,1024,3,0.0499716501165634
4,leaky_relu,1024,4,0.04790494362244089
4,leaky_relu,1024,5,0.04602709598249384
4,leaky_relu,1024,6,0.04425957724787169
4,leaky_relu,1024,7,0.042703380281715664
4,leaky_relu,1024,8,0.04139515918296534
4,leaky_relu,1024,9,0.04030076744936638
4,leaky_relu,1024,10,0.03938901959358647
4,leaky_relu,1024,11,0.03861294706737102
4,leaky_relu,1024,12,0.03794538980266564
4,leaky_relu,2048,0,0.16862696839608476
4,leaky_relu,2048,1,0.057524231005975486
4,leaky_relu,2048,2,0.055501499404015046
4,leaky_relu,2048,3,0.053979190208881436
4,leaky_relu,2048,4,0.05276579082478836
4,leaky_relu,2048,5,0.05164992930581137
4,leaky_relu,2048,6,0.05052599260459098
4,leaky_relu,2048,7,0.04942375361245488
4,leaky_relu,2048,8,0.048394588870588805
4,leaky_relu,2048,9,0.04741631116403394
4,leaky_relu,2048,10,0.046478785659451086
4,leaky_relu,2048,11,0.04556672272832438
4,leaky_relu,2048,12,0.044673792045211415
4,leaky_relu,2048,13,0.043830575043749764
4,leaky_relu,2048,14,0.0430577694069529
4,leaky_relu,2048,15,0.04234872251584251
4,leaky_relu,4096,0,0.2755826068187005
4,leaky_relu,4096,1,0.061678441254337316
4,leaky_relu,4096,2,0.058122884054535404
4,leaky_relu,4096,3,0.05692535096724341
4,leaky_relu,4096,4,0.055936051043061805
4,leaky_relu,4096,5,0.05506567860547173
4,leaky_relu,4096,6,0.054310633450669187
4,leaky_relu,4096,7,0.05365277586063447
4,leaky_relu,4096,8,0.053053682090921844
4,leaky_relu,4096,9,0.0524834202149801
4,leaky_relu,8192,0,0.47325210501780646
4,leaky_relu,8192,1,0.0776468557895927
4,leaky_relu,8192,2,0.06362312152000615
4,leaky_relu,8192,3,0.05971459479292403
4,leaky_relu,8192,4,0.05847005301800928
4,leaky_relu,8192,5,0.057761103545550405
4,leaky_relu,8192,6,0.05718129257494424
4,leaky_relu,8192,7,0.05666397393319585
4,leaky_relu,8192,8,0.056169727664755364
4,leaky_relu,8192,9,0.05569269398617677
4,leaky_relu,16384,0,0.8216414145619737
4,leaky_relu,16384,1,0.12495044905457992
4,leaky_relu,16384,2,0.08331651652355918
4,leaky_relu,16384,3,0.07197409257387244
4,leaky_relu,16384,4,0.0653453718270289
4,leaky_relu,16384,5,0.06189885260195061
4,leaky_relu,16384,6,0.06017827903943771
4,leaky_relu,16384,7,0.05926193134318408
4,leaky_relu,16384,8,0.05868461797149073
4,leaky_relu,16384,9,0.05826127516760914
4,leaky_relu,16384,10,0.05791648606396701
4,leaky_relu,16384,11,0.05760836425340202
5,relu,512,0,0.09154201680438964
5,relu,512,1,0.05239066626636192
5,relu,512,2,0.04881678061521524
5,relu,512,3,0.04570169233166276
5,relu,512,4,0.043011730920022036
5,relu,512,5,0.0409391576558117
5,relu,512,6,0.03938307049939068
5,relu,512,7,0.03819033445595528
5,relu,512,8,0.03724849745171348
5,relu,512,9,0.036482296901660424
5,relu,512,10,0.03581659478909099
5,relu,512,11,0.03529285024930007
5,relu,1024,0,0.1274020766808214
5,relu,1024,1,0.05568011692936555
5,relu,1024,2,0.05332052435850145
5,relu,1024,3,0.051467265552992414
5,relu,1024,4,0.049650490804466756
5,relu,1024,5,0.04798091240908446
5,relu,1024,6,0.046435583569433184
5,relu,1024,7,0.044964622245817855
5,relu,1024,8,0.043601673511017305
5,relu,1024,9,0.042417054633538724
5,relu,1024,10,0.04138329963299255
5,relu,1024,11,0.040488115555534776
5,relu,1024,12,0.03971543923959216
5,relu,1024,13,0.039042580078243724
5,relu,2048,0,0.1963932924125052
5,relu,2048,1,0.05835193587581002
5,relu,2048,2,0.05639373765447294
5,relu,2048,3,0.05495948257646434
5,relu,2048,4,0.053796918644780256
5,relu,2048,5,0.05282782971483413
5,relu,2048,6,0.051913597937794584
5,relu,2048,7,0.05099882870515414
5,relu,2048,8,0.050086613196975396
5,relu,2048,9,0.049207888200785074
5,relu,2048,10,0.04837341544465198
5,relu,4096,0,0.327642214113997
5,relu,4096,1,0.06500629989564968
5,relu,4096,2,0.059001822180363095
5,relu,4096,3,0.057705144434602854
5,relu,4096,4,0.05678287237299744
5,relu,4096,5,0.05599286746702655
5,relu,4096,6,0.05526945388439765
5,relu,4096,7,0.05462612063418769
5,relu,8192,0,0.5693143553512362
5,relu,8192,1,0.08554090160738582
5,relu,8192,2,0.06828419552763867
5,relu,8192,3,0.061711450753384064
5,relu,8192,4,0.059448763974728834
5,relu,8192,5,0.05852779796166372
5,relu,8192,6,0.05792739493569876
5,relu,8192,7,0.05743437405923445
5,relu,8192,8,0.057004186926869926
5,relu,16384,0,0.9204765210977293
5,relu,16384,1,0.2181178911496146
5,relu,16384,2,0.09183382701628297
5,relu,16384,3,0.07926048421283505
5,relu,16384,4,0.07093274869436432
5,relu,16384,5,0.06565487803447015
5,relu,16384,6,0.06256173774562854
5,relu,16384,7,0.060809461752212954
5,relu,16384,8,0.0597949030969354
5,relu,16384,9,0.05915610138202622
5,relu,16384,10,0.05870268868715116
5,relu,16384,11,0.058353581484390085
5,relu,16384,12,0.058062926488544074
5,relu,16384,13,0.057805317363994024
5,tanh,512,0,0.07896635735880472
5,tanh,512,1,0.052602516512372334
5,tanh,512,2,0.050568890092825156
5,tanh,512,3,0.04866390041485246
5,tanh,512,4,0.046789797568833315
5,tanh,512,5,0.044576613921909494
5,tanh,512,6,0.0423379190180285
5,tanh,512,7,0.04061984352686827
5,tanh,512,8,0.039240793803813935
5,tanh,512,9,0.03815056450865016
5,tanh,512,10,0.037400849699289196
5,tanh,512,11,0.03690735279052109
5,tanh,512,12,0.036566451321318624
5,tanh,1024,0,0.1032351852394821
5,tanh,1024,1,0.054701665316823536
5,tanh,1024,2,0.05310525778205425
5,tanh,1024,3,0.052096905168031685
5,tanh,1024,4,0.05107337971184746
5,tanh,1024,5,0.050056766680752984
5,tanh,1024,6,0.049110737067436454
5,tanh,1024,7,0.048208061037394626
5,tanh,1024,8,0.047287627084945535
5,tanh,1024,9,0.04628811258934441
5,tanh,1024,10,0.04517210426575015
5,tanh,1024,11,0.043977447909231956
5,tanh,1024,12,0.04283236704203239
5,tanh,1024,13,0.041838609099775326
5,tanh,1024,14,0.04099406336455306
5,tanh,1024,15,0.040241322335271876
5,tanh,1024,16,0.03955320352073148
5,tanh,2048,0,0.1485772006303221
5,tanh,2048,1,0.057875242922082
5,tanh,2048,2,0.05531666206858824
5,tanh,2048,3,0.054087611706275504
5,tanh,2048,4,0.053368586567080635
5,tanh,2048,5,0.0528351000055175
5,tanh,2048,6,0.052341615642072424
5,tanh,2048,7,0.05184231132411543
5,tanh,2048,8,0.05133365720899291
5,tanh,2048,9,0.050814799370585736
5,tanh,2048,10,0.05030166085867819
5,tanh,4096,0,0.23528133315791316
5,tanh,4096,1,0.06177357139474091
5,tanh,4096,2,0.058772132333287416
5,tanh,4096,3,0.056979441594939916
5,tanh,4096,4,0.05573050320631715
5,tanh,4096,5,0.054892499976851514
5,tanh,4096,6,0.054299078257629516
5,tanh,4096,7,0.05385820856334651
5,tanh,4096,8,0.053521211334058384
5,tanh,4096,9,0.05322900551427343
5,tanh,8192,0,0.3996744325063895
5,tanh,8192,1,0.07059699863195523
5,tanh,8192,2,0.06284699796182026
5,tanh,8192,3,0.06070170703180076
5,tanh,8192,4,0.05929983523555762
5,tanh,8192,5,0.05822458975445675
5,tanh,8192,6,0.05733011852786131
5,tanh,8192,7,0.05658558808661934
5,tanh,8192,8,0.05599283709208279
5,tanh,8192,9,0.05549067506629059
5,tanh,8192,10,0.0550663086321298
5,tanh,8192,11,0.05471222395677048
5,tanh,16384,0,0.7016634384768257
5,tanh,16384,1,0.09765439975095709
5,tanh,16384,2,0.07430660934590735
5,tanh,16384,3,0.066882732214926
5,tanh,16384,4,0.06364793680930794
5,tanh,16384,5,0.062069123497859466
5,tanh,16384,6,0.061070839462920454
5,tanh,16384,7,0.06029157168687686
5,tanh,16384,8,0.05962111784487262
5,tanh,16384,9,0.05902008709987829
5,tanh,16384,10,0.05847155554911556
5,tanh,16384,11,0.05797852744504526
5,sigmoid,512,0,0.16819432083348335
5,sigmoid,512,1,0.05760758869551742
5,sigmoid,512,2,0.05531498952849976
5,sigmoid,512,3,0.05417698285699348
5,sigmoid,512,4,0.053483520614104385
5,sigmoid,512,5,0.052942109936367235
5,sigmoid,512,6,0.05244369793549937
5,sigmoid,512,7,0.05195169548485359
5,sigmoid,512,8,0.05145572488518323
5,sigmoid,512,9,0.050953464233866486
5,sigmoid,512,10,0.050448396272400844
5,sigmoid,512,11,0.049945177924478126
5,sigmoid,1024,0,0.27515393889604994
5,sigmoid,1024,1,0.06119334256085096
5,sigmoid,1024,2,0.05841469190493692
5,sigmoid,1024,3,0.05680027073927222
5,sigmoid,1024,4,0.05569468219391403
5,sigmoid,1024,5,0.054931657545800226
5,sigmoid,1024,6,0.05438299317397945
5,sigmoid,1024,7,0.053966242707880155
5,sigmoid,1024,8,0.05363001904343071
5,sigmoid,1024,9,0.05333728853341428
5,sigmoid,2048,0,0.4797016972815376
5,sigmoid,2048,1,0.07048873985086071
5,sigmoid,2048,2,0.062244905398567155
5,sigmoid,2048,3,0.06014297314756495
5,sigmoid,2048,4,0.05889922321926509
5,sigmoid,2048,5,0.05792654455013872
5,sigmoid,2048,6,0.057126487345736
5,sigmoid,2048,7,0.05646527789662688
5,sigmoid,2048,8,0.05592321495720089
5,sigmoid,2048,9,0.055470405876692386
5,sigmoid,2048,10,0.055090480582983936
5,sigmoid,2048,11,0.05477060335399488
5,sigmoid,4096,0,0.8380891356439794
5,sigmoid,4096,1,0.1208721792704142
5,sigmoid,4096,2,0.07448461699169182
5,sigmoid,4096,3,0.06649033050565137
5,sigmoid,4096,4,0.06303603035841344
5,sigmoid,4096,5,0.06144206737687311
5,sigmoid,4096,6,0.0604916185860412
5,sigmoid,4096,7,0.059772795658384725
5,sigmoid,4096,8,0.05917243059855916
5,sigmoid,4096,9,0.05863414601084508
5,sigmoid,4096,10,0.05814431076242286
5,sigmoid,8192,0,0.9853435446856109
5,sigmoid,8192,1,0.6899154282447847
5,sigmoid,8192,2,0.15460096252545655
5,sigmoid,8192,3,0.08671566514812223
5,sigmoid,8192,4,0.0773491296813311
5,sigmoid,8192,5,0.0715556425529124
5,sigmoid,8192,6,0.06771246202776676
5,sigmoid,8192,7,0.065196772867375
5,sigmoid,8192,8,0.06358021485161983
5,sigmoid,8192,9,0.062493996587732026
5,sigmoid,8192,10,0.06172044906792813
5,sigmoid,8192,11,0.06114692678229315
5,sigmoid,8192,12,0.06068986552891481
5,sigmoid,16384,0,0.9962120321023443
5,sigmoid,16384,1,0.9749377826933943
5,sigmoid,16384,2,0.8587341316840522
5,sigmoid,16384,3,0.5208869163578501
5,sigmoid,16384,4,0.20192898433310225
5,sigmoid,16384,5,0.10715592422402627
5,sigmoid,16384,6,0.08985578849020104
5,sigmoid,16384,7,0.08351723146773701
5,sigmoid,16384,8,0.07911938137810233
5,sigmoid,16384,9,0.07560073474679489
5,sigmoid,16384,10,0.07272274950741844
5,sigmoid,16384,11,0.0703789170473847
5,sigmoid,16384,12,0.06848076822587341
5,sigmoid,16384,13,0.06694780091361233
5,sigmoid,16384,14,0.06570310267766807
5,sigmoid,16384,15,0.06471338648103801
5,sigmoid,16384,16,0.06390868246576062
5,sigmoid,16384,17,0.06324768929444911
5,sigmoid,16384,18,0.06271327706900667
5,sigmoid,16384,19,0.0622703772736324
5,sigmoid,16384,20,0.061892163872869076
5,leaky_relu,512,0,0.09146150038388605
5,leaky_relu,512,1,0.05245312137817624
5,leaky_relu,512,2,0.04893099880265126
5,leaky_relu,512,3,0.045846370110932996
5,leaky_relu,512,4,0.04315611681737377
5,leaky_relu,512,5,0.04106023299097046
5,leaky_relu,512,6,0.03948467951090494
5,leaky_relu,512,7,0.03827931503948587
5,leaky_relu,512,8,0.0373294834222712
5,leaky_relu,512,9,0.036556436533994555
5,leaky_relu,512,10,0.03588539835866672
5,leaky_relu,512,11,0.03534967041055992
5,leaky_relu,1024,0,0.12720753735232065
5,leaky_relu,1024,1,0.055711283505579065
5,leaky_relu,1024,2,0.053366091117258665
5,leaky_relu,1024,3,0.05154208009390204
5,leaky_relu,1024,4,0.049751827955470354
5,leaky_relu,1024,5,0.04809930855237077
5,leaky_relu,1024,6,0.04657092378305836
5,leaky_relu,1024,7,0.045119083538711725
5,leaky_relu,1024,8,0.04375330682332064
5,leaky_relu,1024,9,0.04255513647926522
5,leaky_relu,1024,10,0.0415089008789901
5,leaky_relu,1024,11,0.04060214024476362
5,leaky_relu,1024,12,0.03981951818773874
5,leaky_relu,1024,13,0.039139234724041974
5,leaky_relu,2048,0,0.19598277993463575
5,leaky_relu,2048,1,0.058374176829675065
5,leaky_relu,2048,2,0.056418760370789564
5,leaky_relu,2048,3,0.05499526711482268
5,leaky_relu,2048,4,0.05383767662613054
5,leaky_relu,2048,5,0.0528782717017892
5,leaky_relu,2048,6,0.051980175672591375
5,leaky_relu,2048,7,0.051084410665179825
5,leaky_relu,2048,8,0.05018545708922652
5,leaky_relu,2048,9,0.049314407327519905
5,leaky_relu,2048,10,0.048489029030291855
5,leaky_relu,4096,0,0.32672323502605016
5,leaky_relu,4096,1,0.06510504019860261
5,leaky_relu,4096,2,0.05903089899889565
5,leaky_relu,4096,3,0.057721723911717905
5,leaky_relu,4096,4,0.056804267810488494
5,leaky_relu,4096,5,0.05602307709259301
5,leaky_relu,4096,6,0.05530540935308433
5,leaky_relu,4096,7,0.05466459064954306
5,leaky_relu,8192,0,0.5676632347283437
5,leaky_relu,8192,1,0.08535709918723863
5,leaky_relu,8192,2,0.06840173673727412
5,leaky_relu,8192,3,0.061791605723936494
5,leaky_relu,8192,4,0.059484882522118164
5,leaky_relu,8192,5,0.058548487486414016
5,leaky_relu,8192,6,0.057943557530779476
5,leaky_relu,8192,7,0.05745078557196119
5,leaky_relu,8192,8,0.05702331006259568
5,leaky_relu,16384,0,0.9195497376485713
5,leaky_relu,16384,1,0.21574123899133638
5,leaky_relu,16384,2,0.09148639667251302
5,leaky_relu,16384,3,0.07924047209539849
5,leaky_relu,16384,4,0.07104211587992196
5,leaky_relu,16384,5,0.06578004579336569
5,leaky_relu,16384,6,0.06265782720119044
5,leaky_relu,16384,7,0.06087375107573505
5,leaky_relu,16384,8,0.05983764009409297
5,leaky_relu,16384,9,0.05918627322478252
5,leaky_relu,16384,10,0.05872567688422113
5,leaky_relu,16384,11,0.058372553044957365
5,leaky_relu,16384,12,0.058079740228154896
5,leaky_relu,16384,13,0.05782125598132798
